Link Name,Link URL,Category
Report an Issue with LEAF,https://leaf.va.gov/platform/issues/,Submit Reports
LEAF Training Attendance Report,/platform/service_requests_launchpad/report.php?a=Attendance_Report,Submit Reports
Open Office Hours Report,/platform/service_requests_launchpad/report.php?a=Open_Hours_Attendance,Submit Reports
New National Project,/platform/service_requests_launchpad/report.php?a=National_Projects_direct,Submit Reports
LEAF Maintenance Event,https://leaf.va.gov/platform/service_requests_launchpad/report.php?a=Maintenance_direct,Submit Reports
End of Year Data Trend,https://leaf.va.gov/platform/service_requests_launchpad/report.php?a=Data_Trend_direct,Submit Reports
Awards,https://leaf.va.gov/platform/service_requests_launchpad/report.php?a=Awards,Submit Reports
Use Case,https://leaf.va.gov/platform/service_requests_launchpad/report.php?a=LEAF_Start_Request&id=form_efec3,Submit Reports
Billing Dashboard,https://leaf.va.gov/launchpad/report.php?a=billing_dashboard,Dashboards
PBI Dashboards,https://app.powerbigov.us/Redirect?action=OpenReport&appId=bc14ee51-602f-4786-842e-f6162f360b9b&reportObjectId=ce960232-c527-4260-82d5-8d32ebe8edbe&ctid=e95f1b23-abaf-45ee-821d-b7ab251ab3bf&reportPage=6da026e5b757fdf526ab&pbi_source=appShareLink&portalSessionId=5aec0ee2-9d87-4b57-a721-ccaf63eb016e,Dashboards
SNOW Dashboard,https://yourit.va.gov/now/platform-analytics-workspace/dashboards/params/edit/false/tab-sys-id/77632d6497916a5050f9fb56f053af34/sys-id/fd06b9c51b5a69105d46cb78624bcb54,Dashboards
Support Dashboard,https://dvagov.sharepoint.com/sites/LEAFTO/SitePages/LEAF-Operations-Dashboard.aspx,Dashboards
Telemetry Dashboard,/platform/service_requests_launchpad/report.php?a=telemetry_dashboard,Dashboards
Help Library Feedback,https://leaf.va.gov/platform/votes/report.php?a=dashboard,Dashboards
Idea Portal Dashboard,https://leaf.va.gov/platform/ideas/report.php?a=Ideas_Dashboard,Dashboards
Awards,https://leaf.va.gov/platform/service_requests_launchpad/open.php?report=32wnZ,Reports
National Projects Report,https://leaf.va.gov/platform/service_requests_launchpad/open.php?report=32wnc,Reports
Open Office Hours Report,https://leaf.va.gov/platform/service_requests_launchpad/open.php?report=32wn7,Reports
System Status Report,https://leaf.va.gov/platform/service_requests_launchpad/open.php?report=32wnJ,Reports
Training Attendance Report,https://leaf.va.gov/platform/service_requests_launchpad/open.php?report=32wnS,Reports
Uptime Stats,https://leaf.va.gov/platform/service_requests_launchpad/report.php?a=Uptime_Stats,Reports
Use Case – Access to Care,https://leaf.va.gov/platform/service_requests_launchpad/open.php?report=32wna,Reports
Use Case – Efficiency and Cost Savings,https://leaf.va.gov/platform/service_requests_launchpad/open.php?report=32wnb,Reports
Help & SOP Library,https://leaf.va.gov/platform/help_library/,Resources
UX – Documentation,https://leaf.va.gov/platform/ux/,Resources
Launchpad Global Announcement Banner,https://leaf.va.gov/launchpad/index.php?a=printview&recordID=34624,Launchpad Updates
